Customer_forename,Customer_surname,Street_address,City,Zip_code,Mailing_list,Accommodation_type,Accommodation_style
Ella,Jarvis,49 Cambridge Road,NOKE,OX3 6LF,n,Apartment,Luxury
Maisie,King,55 Victoria Road,LITTLE CASTERTON,PE9 7LU,y,Apartment,Standard
Jake,Rees,85 Castledore Road,TWYFORD,DE73 0XX,n,Villa,Standard
Joe,Whitehouse,97 Front Street,KNOTTING,MK44 9FU,n,Apartment,Standard
John,Conway,46 Boar Lane,SELSDON,CR2 4TD,n,Apartment,Standard
Holly,Russell,63 Ramsgate Rd,WILLINGTON,MK44 4DD,n,Villa,Luxury
Lucy,Walters,74 Farburn Terrace,LITTLE DUNKELD,PH8 0HY,y,Apartment,Standard
Ethan,Campbell,65 George Street,BROXBOURNE,EN10 1JQ,y,Villa,Standard
Morgan,Perry,43 Old Edinburgh Road,NELL END,DY9 9UE,n,Apartment,Standard
Joseph,Schofield,92 Netherpark Crescent,STEANE,NN13 5JN,y,Apartment,Luxury
Bailey,Warren,61 South Street,MOLLAND,EX36 5XN,n,Villa,Standard
Amber,Thornton,43 Long Street,MILLAND MARSH,GU30 6FL,n,Apartment,Standard
Mollie,Potter,38 Roman Rd,LEDMORE,IV27 7YD,n,Apartment,Luxury
Louie,Sullivan,70 Brynglas Road,GLENELG,IV40 5HB,n,Apartment,Standard
Ewan,Ali,86 New Dover Rd,WALCOT,TF6 8WZ,n,Apartment,Standard
Ruby,Barton,29 Carriers Road,CROES-IAN,SA44 8TD,n,Apartment,Standard
Adil,Thomson,20 Ross Road,MARTIN DROVE END,SP6 8LD,y,Villa,Luxury
Molly,Buckley,14 Folkestone Road,WIMPSTONE,CV37 5GY,n,Villa,Standard
Georgina,Manning,59 Walwyn Rd,CHARTHAM,CT4 2GH,n,Apartment,Standard
Lola,Bradshaw,2 Farburn Terrace,LITTLE DRIFFIELD,YO25 7UT,n,Apartment,Standard
Lauren,Stone,31 Brackley Road,TIDDINGTON,OX9 7LW,n,Villa,Luxury
Luke,John,30 Victoria Road,LISSINGTON,LN3 2PZ,n,Apartment,Standard
Mia,Gray,45 Manor Close,DITTON PRIORS,WV16 3YH,n,Apartment,Standard
Alex,Parry,11 Glenurquhart Road,BALLIEMORE,PH16 8QN,y,Apartment,Luxury
Naomi,Oliver,66 Great Western Road,LONGWOOD,SY5 4DS,y,Apartment,Standard
William,Watkins,87 Red Lane,ETTRICKBRIDGE,TD7 7LN,n,Villa,Standard
Daisy,Forster,66 Foregate Street,CODDENHAM,IP6 3UU,n,Apartment,Luxury
Declan,Garner,91 Lincoln Green Lane,CHURCH END,AL3 7TY,n,Villa,Standard
Olivia,Hart,60 Huntly Street,BARNWOOD,GL4 0RQ,n,Apartment,Luxury
Laura,Porter,77 Caerfai Bay Road,TETTENHALL,WV6 6DL,n,Apartment,Standard
Alex,Harrison,12 Park Avenue,LAWKLAND,LA2 0HU,y,Villa,Standard
Ava,Hanson,20 Maidstone Road,WELLOW,BA2 1GY,n,Apartment,Standard
Sophia,Bates,33 Overton Circle,LITTLEOVER,DE23 0SN,n,Apartment,Luxury
Maddison,Crawford,26 Chapel Lane,ARLEY,CW9 4NB,n,Apartment,Standard
Natasha,Hale,32 Golden Knowes Road,FRADDAM,TR27 8UY,y,Villa,Standard
Spencer,Hunt,92 Castledore Road,TURWESTON,NN13 4DJ,n,Apartment,Luxury
Gracie,Kirk,59 Roman Rd,LEIDEAG,HS9 3AZ,n,Apartment,Standard
Bailey,Watts,66 Union Terrace,LOCHLAIR,DD8 2QW,n,Apartment,Standard
Finlay,Craig,30 Wenlock Terrace,PETHAM,CT4 3UR,n,Apartment,Standard
Mason,Blake,41 Manor Way,GREAT FRANSHAM,NR19 4EF,n,Apartment,Luxury
Zara,Morgan,88 Trinity Crescent,WHALTON,NE61 2JY,n,Villa,Standard
Lara,Hughes,19 Ramsgate Rd,WILLEY,CV23 2GF,n,Villa,Standard
Eloise,Gardiner,4 Guildford Rd,EAST GRINSTEAD,RH19 4PP,n,Apartment,Standard
Joe,Gill,98 London Road,COLLISTON,DD11 2RP,n,Apartment,Luxury
Kian,Jackson,93 Iffley Road,BROAD BLUNSDON,SN2 4QW,n,Apartment,Standard
Emily,Gibson,81 St Omers Road,HOCKLIFFE,LU7 3LY,n,Villa,Standard
Declan,Weston,83 Seaford Road,CUTSDEAN,GL54 7LT,n,Villa,Standard
Daniel,Rice,96 Layburn Court,TRAFFORD PARK,M17 6SX,y,Apartment,Luxury
Morgan,Patterson,84 Grenoble Road,BRIDGE,CT4 0TH,n,Apartment,Luxury
Daniel,Holt,67 Terrick Rd,ELLWOOD,GL16 2DU,n,Apartment,Luxury
Yasmin,Kemp,83 Hendford Hill,MOWDEN,DL3 8ZD,n,Apartment,Standard
Maisie,Griffin,25 Warner Close,HAWARDEN,CH5 4XL,n,Villa,Standard
Aaliyah,Daniels,65 North Road,NETHERHAMPTON,SP2 9FT,y,Apartment,Standard
Jessica,Allan,74 Temple Way,WITHERSFIELD,CB9 2LU,y,Apartment,Standard
Jamie,Watson,51 Seafield Street,LLANWENOG,SA40 3HD,n,Apartment,Luxury
Shannon,Farmer,98 Kingsway North,HOLMER GREEN,HP15 4AW,n,Apartment,Standard
Francesca,Osborne,65 Ballifeary Road,BALLIMORE,FK19 7QH,n,Apartment,Standard
Katie,Macdonald,68 Red Lane,ETON WICK,SL4 4QT,n,Apartment,Standard
Niamh,Cunningham,73 Annfield Rd,BEDALE,DL8 7JF,n,Apartment,Standard
Kyle,Hooper,28 Prince Consort Road,KELTY,KY4 0WU,y,Apartment,Standard
Maddison,Robertson,18 Abbey Row,OAKFORD,SA47 2WA,n,Apartment,Standard
Melissa,Harvey,75 Canterbury Road,VERWIG,SA43 9ER,n,Apartment,Standard
Josh,Andrews,83 Bath Rd,WOODFORD,SK7 7BL,n,Villa,Luxury
Joseph,Dean,81 Leicester Road,AVOCH,IV9 4WB,n,Apartment,Standard
Christopher,Wade,75 Horsefair Green,OLDBURY,WV16 0YR,n,Apartment,Standard
Charlie,Sykes,69 Neville Street,HUYTON,L36 6EL,n,Villa,Standard
Morgan,Hudson,77 Caxton Place,CABRACH,AB54 4TH,n,Apartment,Luxury
Kai,Stevens,16 East Street,MARISTOW,PL6 8DU,n,Apartment,Standard
Sienna,Baker,37 Whatlington Road,COTTERSTOCK,PE8 1QF,n,Villa,Standard
Abbie,Bennett,26 Bootham Crescent,RIGG,DG16 5UE,n,Apartment,Standard
Georgina,Owen,29 Golden Knowes Road,FREETHORPE COMMON,NR13 9DP,y,Apartment,Luxury
Bethany,Hutchinson,9 Abingdon Road,BRASSINGTON,DE4 7ZF,n,Apartment,Luxury
Noah,Chambers,18 Church Way,BRADFIELD,CO11 8SG,n,Apartment,Standard
Maddison,O'Sullivan,86 Trinity Crescent,WHAPLODE DROVE,PE12 2AU,n,Villa,Standard
Kai,Alexander,60 Bootham Crescent,RICKLING GREEN,CB11 6NH,n,Villa,Luxury
Max,Stokes,96 Consett Rd,HILLOCKHEAD,AB36 5UN,n,Apartment,Standard
Luca,Lee,71 Iolaire Road,NEW INN,SA39 8LD,n,Apartment,Standard
Evie,Thornton,9 Balsham Road,HAROLD WOOD,RM3 2FX,n,Apartment,Luxury
Isabel,Gough,67 Great Western Road,LORDSWOOD,SO16 6GU,n,Apartment,Standard
Abby,Clark,90 Scarcroft Road,PORTNACON,IV27 5EF,n,Apartment,Standard
Aaliyah,Flynn,76 Dover Road,WESTER QUARFF,ZE2 3RD,n,Villa,Standard
Ryan,Field,49 Hendford Hill,MOUNTSTUART,PA20 3DE,n,Apartment,Standard
Daniel,Kaur,29 Farburn Terrace,LITTLE RYBURGH,NR21 4DY,y,Apartment,Standard
Mia,Myers,68 Withers Close,ALLERTHORPE,YO4 8QY,n,Villa,Luxury
Melissa,Davidson,14 Uxbridge Road,SLAPTON,NN12 3DJ,n,Apartment,Standard
Tegan,Mahmood,46 Peachfield Road,CELLARDYKE,KY10 6UZ,n,Apartment,Standard
Millie,Baldwin,15 Caerfai Bay Road,THAKEHAM,RH20 8TR,n,Villa,Standard
Leah,Reid,54 Kent Street,CROOK OF DEVON,KY13 7TB,n,Apartment,Luxury
Georgina,Elliott,64 Trehafod Road,BUCKS HORN OAK,GU10 9XG,n,Apartment,Standard
Alisha,Osborne,20 Canterbury Road,VERYAN,TR2 5QX,n,Apartment,Luxury
Skye,Atkins,69 Seafield Street,LLOYNEY,LD7 2PB,n,Villa,Standard
Elizabeth,Winter,18 Newport Road,CARIE,PH15 3HE,n,Villa,Standard
Finlay,Fuller,44 Kingsway North,HOLMESFIELD,S18 0UX,n,Villa,Standard
Charlie,Vincent,24 Warren St,WEST BRADLEY,BA6 3ZP,n,Apartment,Luxury
Kate,Mellor,68 Cambridge Road,NOBOTTLE,NN7 4SP,n,Apartment,Luxury
Victoria,Watkins,80 Southlands Road,PONTNEWYDD,NP44 5LH,y,Apartment,Luxury
Jay,Palmer,97 Thornton St,HUTTON HENRY,TS27 8BA,y,Apartment,Standard
Caitlin,Akhtar,32 Leicester Road,AYLESBURY,HP20 3HA,n,Apartment,Standard
Jade,Waters,68 St Maurices Road,PRESTON,TD11 8NJ,n,Apartment,Standard
Ruby,Miller,16 Telford Street,BARBARAVILLE,IV18 9XZ,n,Villa,Luxury
Erin,Murray,76 Main Road,AUCHINTOUL,AB33 3BA,n,Apartment,Standard
Callum,Stephens,87 South Street,MONKSEATON,NE25 4GE,n,Villa,Luxury
Ruby,Burrows,57 Whitchurch Road,ELWORTH,CW11 8TE,n,Apartment,Standard
Danielle,Leach,54 Merthyr Road,BURLESCOMBE,EX16 5RL,n,Apartment,Standard
Lily,Richardson,94 Lairg Road,NEWBIGGIN-BY-THE-SEA,NE64 1HX,n,Villa,Standard
Samantha,Scott,35 Folkestone Road,WILSTHORPE,PE9 8NE,n,Apartment,Luxury
Maisie,Byrne,37 Petworth Rd,DYFFRYN CELLWEN,SA10 4HW,n,Apartment,Standard
Amber,Bevan,84 Roman Rd,LEIGH,SN6 8QW,n,Apartment,Luxury
Lilly,Potts,20 Nenthead Road,HIGH ONGAR,CM5 5LX,n,Apartment,Standard
Sienna,Holland,95 Guild Street,LONDON,E9 3ZR,n,Apartment,Standard
Jade,Hobbs,65 Ilchester Road,MURKLE,KW14 2NP,n,Villa,Standard
Aaliyah,Kennedy,16 Malcolm Rd,LLANFARIAN,SY23 7UQ,n,Villa,Standard
Alexandra,Carter,70 Gloucester Road,CLAONEL,IV27 9LQ,n,Apartment,Standard
Yasmin,Talbot,19 Cloch Rd,ST PETER PORT,GY1 2YS,y,Apartment,Luxury
Rhys,Manning,20 Davids Lane,STURTON LE STEEPLE,DN22 1YH,n,Apartment,Standard
Eve,Kelly,17 Terrick Rd,EGGINGTON,LU7 8EL,n,Apartment,Standard
Charlotte,Hyde,43 Hull Road,PABAIL IARACH,HS2 7BW,n,Villa,Standard
Evie,Barber,61 Front Street,LAGUNA,PH1 6GS,n,Apartment,Luxury
Tilly,Pollard,79 Quay Street,NEATHAM,GU34 3EY,n,Apartment,Standard
Tyler,Skinner,60 Russell Rd,SHIPTON GORGE,DT6 3YL,n,Villa,Standard
Freddie,Doyle,67 Golden Knowes Road,FRITHELSTOCK STONE,EX38 0YF,n,Apartment,Standard
Joel,Knight,64 Mounthoolie Lane,SUMMER-HOUSE,DL2 6RX,n,Apartment,Standard
Georgia,Henry,35 Seaford Road,CULBONE,TA24 0GN,n,Apartment,Luxury
Bailey,Poole,64 Crescent Avenue,DUCHALLY,IV27 7LH,n,Apartment,Standard
Madison,Schofield,50 Terrick Rd,EGLWYSWRW,SA41 3YU,n,Villa,Standard
Luke,Vincent,37 Whitby Road,DHOWIN,IM7 5YP,n,Apartment,Standard
Ruby,Knight,49 Bath Rd,WOLVERCOTE,OX2 9AR,n,Apartment,Luxury
Hollie,Harrison,65 Merthyr Road,BUNCHREW,IV3 6LA,n,Apartment,Standard
Katie,Greenwood,29 Cloch Rd,ST OWEN'S CROSS,HR2 6FZ,n,Apartment,Standard
Andrew,Barber,9 Pier Road,STANWELL MOOR,TW19 1PT,n,Apartment,Standard
Harrison,Greenwood,39 Lammas Street,GREAT BRADLEY,CB8 7EA,n,Apartment,Standard
Ewan,Mills,76 Newport Road,CARGO,CA6 1NW,n,Apartment,Standard
Jack,Collier,39 Farburn Terrace,LITTLE MILL,NP4 0ZT,n,Apartment,Luxury
Sebastian,Bull,32 Felix Lane,SHOSCOMBE,BA2 4FL,n,Apartment,Luxury
Charlie,Leonard,36 St Denys Road,POUND GREEN,TN22 9AE,n,Apartment,Luxury
Jake,Fowler,6 Middlewich Road,FLECKNEY,LE8 8PE,y,Apartment,Standard
Courtney,Sheppard,86 Spilman Street,GRANTOWN-ON-SPEY,PH26 0GU,n,Villa,Standard
Faith,Allan,28 Town Lane,SOUTH BREWHAM,BA10 6ZP,n,Apartment,Standard
Samantha,Ingram,97 Lairg Road,NEWBIGGING,AB3 7DY,n,Apartment,Luxury
Joseph,Poole,31 Union Terrace,LOLWORTH,CB3 7BQ,n,Apartment,Standard
Ella,Cook,38 Botley Road,MIDDLESTONE MOOR,DL16 9GX,n,Apartment,Standard
Georgia,Allan,82 Crescent Avenue,DRUMNADROCHIT,IV3 2SD,n,Apartment,Standard
Emma,Chadwick,62 Winchester Rd,MID CALDER,EH53 6JF,n,Apartment,Luxury
Georgina,Bradley,22 Newmarket Road,HEADLESS CROSS,B97 1BZ,n,Apartment,Standard
Cerys,Horton,3 York Road,OUSBY,CA10 4RB,n,Villa,Luxury
Anthony,Flynn,52 Broomfield Place,STOUR PROVOST,SP8 3BY,n,Apartment,Standard
William,O'Brien,15 Lincoln Green Lane,CHURCHGATE STREET,CM17 8ZE,y,Apartment,Standard
Jasmine,Hilton,34 Rhosddu Rd,FILLINGHAM,DN21 3RY,n,Villa,Standard
Nathan,Whitehead,4 New Dover Rd,WALFORD,HR9 6JX,n,Villa,Standard
